{
  "my_best_params": {
    "learning_rate": 0.1,
    "max_depth": 2,
    "min_samples_leaf": 1,
    "n_estimators": 60
  },
  "my_best_cv_score": 0.7991726583275879,
  "my_metrics": {
    "model": "My GradientBoosting",
    "accuracy": 0.776536312849162,
    "precision": 0.8085106382978723,
    "recall": 0.5507246376811594,
    "f1": 0.6551724137931034,
    "logloss": 0.5044457618545322
  },
  "my_train_time": 15.2866254999999,
  "sklearn_best_params": {
    "learning_rate": 0.1,
    "max_depth": 2,
    "min_samples_leaf": 1,
    "n_estimators": 60
  },
  "sklearn_best_cv_score": 0.8202698709740964,
  "sklearn_metrics": {
    "model": "Sklearn GradientBoostingClassifier",
    "accuracy": 0.7821229050279329,
    "precision": 0.8125,
    "recall": 0.5652173913043478,
    "f1": 0.6666666666666666,
    "logloss": 0.478759623345598
  },
  "sklearn_train_time": 1.815396899999996
}