component,custom_weight,sklearn_weight
0,0.3314730858675695,0.3314730858675696
1,0.3978618936123866,0.39786189361238666
2,0.27066502052004365,0.2706650205200437
