{
  "dataset": {
    "n_samples": 891,
    "n_train": 712,
    "n_test": 179,
    "positive_rate": 0.3838383838383838,
    "raw_features": [
      "Pclass",
      "Age",
      "SibSp",
      "Parch",
      "Fare",
      "FamilySize",
      "FarePerPerson",
      "TicketGroupSize",
      "Sex",
      "Embarked",
      "Title",
      "Deck",
      "IsAlone"
    ],
    "prepared_features": [
      "Pclass",
      "Age",
      "SibSp",
      "Parch",
      "Fare",
      "FamilySize",
      "FarePerPerson",
      "TicketGroupSize",
      "Sex_female",
      "Sex_male",
      "Embarked_C",
      "Embarked_Q",
      "Embarked_S",
      "Title_Master",
      "Title_Miss",
      "Title_Mr",
      "Title_Mrs",
      "Title_Rare",
      "Deck_A",
      "Deck_B",
      "Deck_C",
      "Deck_D",
      "Deck_E",
      "Deck_F",
      "Deck_G",
      "Deck_T",
      "Deck_Unknown",
      "IsAlone_No",
      "IsAlone_Yes"
    ],
    "class_counts": {
      "0": 549,
      "1": 342
    },
    "missing_values": {
      "Pclass": 0,
      "Age": 177,
      "SibSp": 0,
      "Parch": 0,
      "Fare": 0,
      "FamilySize": 0,
      "FarePerPerson": 0,
      "TicketGroupSize": 0,
      "Sex": 0,
      "Embarked": 2,
      "Title": 0,
      "Deck": 0,
      "IsAlone": 0
    }
  },
  "best_params": {
    "max_depth": 8,
    "max_features": 0.5,
    "min_samples_leaf": 3,
    "min_samples_split": 2,
    "n_estimators": 100
  },
  "grid_search_time": 8.171103124999718,
  "custom_metrics": {
    "accuracy": 0.7988826815642458,
    "precision": 0.7704918032786885,
    "recall": 0.6811594202898551,
    "f1": 0.7230769230769231,
    "roc_auc": 0.8495388669301713,
    "oob_score": 0.8441011235955056,
    "fit_time": 0.10631950000060897,
    "predict_time": 0.019650791999083594
  },
  "sklearn_metrics": {
    "accuracy": 0.7932960893854749,
    "precision": 0.7666666666666667,
    "recall": 0.6666666666666666,
    "f1": 0.7131782945736435,
    "roc_auc": 0.8437417654808959,
    "oob_score": 0.8441011235955056,
    "fit_time": 0.07095737499912502,
    "predict_time": 0.002194624999901862
  },
  "oob_permutation_importance": {
    "Pclass": 0.024277688603531283,
    "Age": 0.027688603531300125,
    "SibSp": 0.0022070626003210287,
    "Parch": 0.001805778491171774,
    "Fare": 0.007223113964686968,
    "FamilySize": 0.0012038523274478438,
    "FarePerPerson": 0.03350722311396465,
    "TicketGroupSize": 0.012038523274478328,
    "Sex_female": 0.0040128410914927705,
    "Sex_male": 0.012038523274478328,
    "Embarked_C": 0.0024077046548956404,
    "Embarked_Q": 0.0,
    "Embarked_S": 0.006420545746388443,
    "Title_Master": 0.0012038523274478599,
    "Title_Miss": 0.001605136436597083,
    "Title_Mr": 0.029293739967897255,
    "Title_Mrs": -0.0022070626003210764,
    "Title_Rare": 0.001404494382022503,
    "Deck_A": 0.0,
    "Deck_B": 0.0002006420545746433,
    "Deck_C": 0.0012038523274478599,
    "Deck_D": 0.001805778491171758,
    "Deck_E": 0.0014044943820224873,
    "Deck_F": 0.0,
    "Deck_G": 0.0,
    "Deck_T": 0.0,
    "Deck_Unknown": 0.009430176565008013,
    "IsAlone_No": -0.0006019261637239299,
    "IsAlone_Yes": -0.0010032102728732165
  }
}